EAN,Product Name,Price
5549062038441,Secured local knowledge user Call,978.3
7942110650777,Exclusive contextually-based paradigm Light,255.82
6503173090291,Profound encompassing time-frame Finish,247.54
7115686950799,Proactive 6thgeneration service-desk Store,416.73
1216479511708,Programmable incremental pricing structure Picture,751.1
9722287609453,Persistent bi-directional throughput Left,381.6
9563036275652,Compatible content-based portal Test,65.91
7307124430257,Profound regional productivity Throughout,721.31
6895787212039,Advanced empowering service-desk Group,610.42
1230927787919,Upgradable eco-centric methodology Under,942.32
8720838210758,Programmable empowering Graphical User Interface Future,506.16
1343917705805,Stand-alone local migration Decision,355.6
6272974798519,Vision-oriented mobile access Suffer,903.0
9798509799305,Synergized dynamic benchmark Painting,259.4
3037204408207,De-engineered dynamic approach Compare,672.22
8194786442479,Down-sized heuristic extranet Indeed,821.14
0892749710967,Multi-channeled didactic intranet Protect,819.74
0776542727546,Ergonomic high-level matrix Would,855.85
4318622517097,Monitored 3rdgeneration standardization The,802.25
5493405946893,Quality-focused radical adapter Door,295.56
7254431588064,Ergonomic asynchronous open system Break,14.71
6902327057306,Customizable 24hour circuit Now,129.67
3399565276125,Vision-oriented 3rdgeneration algorithm Black,477.61
9775204189690,Progressive 5thgeneration success Car,157.46
2376742059682,Future-proofed 5thgeneration application Road,907.96
5285054665845,Persevering static synergy Adult,187.76
0463060832541,Business-focused background methodology Ready,622.54
2663355734665,Automated tertiary model Rate,184.77
3682770423590,Up-sized 3rdgeneration algorithm Situation,753.99
3444927410434,Up-sized bi-directional instruction set Tell,918.67
5760874047002,Re-engineered zero-defect strategy Board,929.88
9205896430784,Integrated cohesive solution Experience,160.35
7419915787578,Configurable zero administration circuit Describe,857.06
4724146214317,Grass-roots clear-thinking circuit Rule,86.58
3491125242795,Intuitive zero administration strategy Though,963.21
0528682898532,Persevering system-worthy open system Dog,190.25
5617474472621,Front-line next generation leverage Ok,267.99
3133296322994,Visionary executive installation Parent,533.65
2642689082992,Up-sized zero administration database Design,805.28
1035746854336,Upgradable dynamic neural-net Career,854.89
5411228094188,Managed intangible superstructure Research,617.36
6744348142738,Intuitive cohesive leverage Who,463.8
7332106787509,Configurable impactful leverage Serve,413.21
5701052610299,Grass-roots 24/7 infrastructure Budget,820.7
9484863294025,Enterprise-wide upward-trending conglomeration Anyone,564.08
5847052910263,Universal local migration Either,274.96
8332506383468,Diverse zero-defect capacity Culture,684.0
3833782790945,Re-engineered hybrid orchestration Want,103.7
6182090599315,Ameliorated background secured line Ever,55.38
0198387134007,Networked scalable process improvement Foot,160.18
2002416137511,Grass-roots encompassing synergy Although,474.69
8715938866070,User-friendly next generation framework Information,218.54
1980300042922,Innovative well-modulated methodology President,14.3
1849136586821,Streamlined zero-defect service-desk Operation,455.55
2636975067392,Optimized asynchronous challenge Major,505.84
8109846355787,Implemented asynchronous matrix Seek,426.76
9022736759724,Distributed multimedia installation Practice,320.71
3480564236078,De-engineered static process improvement Six,912.62
7769163790374,Enterprise-wide responsive Graphical User Interface Government,351.98
1201288095691,Advanced coherent orchestration Get,535.2
6684696267153,Synergistic bottom-line service-desk Force,718.04
8600465504336,Realigned bottom-line artificial intelligence Improve,622.67
2973826767189,Face-to-face actuating time-frame Myself,254.95
7003502198890,Balanced executive task-force Church,287.72
0657000299699,User-friendly directional Local Area Network Rich,132.44
0894637044839,Customer-focused well-modulated intranet Lay,389.42
5171073889465,Universal bifurcated attitude Exactly,523.27
6783721236519,Centralized didactic forecast Seem,502.97
9646715319399,Synchronized multi-tasking portal Safe,504.22
2269306166067,Adaptive mission-critical contingency News,334.24
5355925699061,Re-contextualized optimal circuit Customer,168.41
7623302466323,Networked modular middleware Film,550.68
0962342401581,Total 24/7 focus group Future,298.76
7491608561551,Programmable directional groupware Song,923.13
8107722226012,Robust stable Local Area Network Reality,571.5
0328313403869,Synchronized national info-mediaries Word,38.15
2607070721938,Front-line even-keeled database Test,461.38
0451017443504,Managed mission-critical infrastructure Form,701.53
2415323538749,Monitored 24/7 application Win,376.67
9940438029363,Configurable responsive policy Power,812.9
4091876396145,User-friendly actuating attitude Wide,973.78
5338712534996,Multi-lateral empowering productivity Hundred,131.66
5429476606824,Focused background methodology Probably,314.26
7008125855110,Open-source optimizing intranet Magazine,134.63
8163412687363,Sharable dynamic data-warehouse Our,467.67
3782634381932,Horizontal systematic Local Area Network Bank,344.55
4556973733124,Team-oriented 3rdgeneration matrices Range,652.6
3000940099019,Balanced fault-tolerant function Crime,550.79
1894063967577,De-engineered needs-based synergy Organization,23.07
0468256523175,Face-to-face composite moratorium Same,925.12
8666879508582,Re-contextualized client-server adapter Whole,310.79
3267922902865,Open-source systemic artificial intelligence Military,747.85
9187296164947,Realigned optimal hierarchy Population,683.35
8752555807481,Expanded web-enabled open system Nice,502.35
0516745882627,Team-oriented background core Author,785.21
7923932828154,Configurable impactful matrices Wish,869.66
5916258361334,Expanded empowering artificial intelligence Whom,461.78
9873975292246,Assimilated methodical benchmark Network,384.45
6656816831847,Triple-buffered optimal knowledge user Key,603.69
5070465535170,Sharable homogeneous array Rise,183.11
1032602735413,Business-focused holistic concept Stage,644.96
1747899446753,Distributed holistic hub Build,398.07
1358977521600,Stand-alone national methodology Dinner,60.43
3513485612169,Universal actuating info-mediaries Because,668.27
5309442401517,Upgradable value-added firmware War,26.5
0659900403103,Exclusive disintermediate customer loyalty Single,679.09
9437072894934,Mandatory directional superstructure Evening,613.05
7528358285091,Configurable context-sensitive help-desk Pass,560.34
9691495706393,Public-key tertiary success Against,320.07
5241722653553,Multi-tiered needs-based superstructure Water,10.86
3614533499215,Virtual intermediate parallelism Here,217.73
4233967544199,Multi-tiered web-enabled database Program,328.59
1068510196190,Face-to-face 6thgeneration leverage These,309.61
5035362360490,Re-engineered impactful support Yourself,199.09
9612161300683,Right-sized exuding implementation Read,703.94
5115196103274,Digitized client-driven focus group Occur,573.28
1724207990437,Pre-emptive methodical matrices Front,155.94
5568906960324,Grass-roots real-time emulation Late,495.42
2987589399482,Configurable non-volatile alliance Car,280.45
7239604156819,Expanded non-volatile workforce No,913.26
1881017338650,Optional contextually-based Graphic Interface Political,219.33
3039271821342,Organic 6thgeneration matrices Less,188.16
1756194978876,Organic executive functionalities Analysis,56.89
6208677652999,Multi-channeled radical standardization Good,862.8
7080059659383,Organized tertiary throughput Near,74.0
9541200363949,Vision-oriented bifurcated encoding Office,162.28
7837907827974,Right-sized 3rdgeneration open architecture Deal,629.15
8159778351068,Visionary intermediate concept Floor,566.28
0877480459833,Face-to-face analyzing software Edge,287.61
6586240302676,Monitored grid-enabled encryption Move,971.3
4910247035072,Operative clear-thinking artificial intelligence At,966.61
8330441870646,Assimilated system-worthy pricing structure Choose,900.98
1418408840331,Pre-emptive composite encryption Knowledge,294.98
7991663969329,Cross-platform bifurcated database Research,500.01
2609087418126,Digitized incremental algorithm Whatever,309.32
1579941608943,User-centric client-server attitude Young,691.27
4912225247828,Inverse dynamic collaboration Movie,651.34
8145114262816,Optimized national functionalities Box,277.0
7825792106098,Advanced motivating secured line Amount,883.33
4211006117889,Configurable intangible complexity Grow,514.84
3025444535016,Progressive methodical ability Somebody,257.02
5278524077111,Balanced regional product Record,314.31
9167135880624,Compatible leadingedge interface Right,213.09
3841616912307,Total eco-centric artificial intelligence Sort,140.64
8529497426332,Horizontal homogeneous throughput Know,520.1
3759398192519,Organized optimizing installation Turn,16.57
3523987587998,Profound fault-tolerant framework Night,993.65
8712126882610,Streamlined 4thgeneration adapter Spend,897.38
6384511654162,Reduced zero tolerance firmware Green,624.8
9675302349039,Implemented explicit functionalities Between,679.95
1171046682498,Inverse system-worthy Graphical User Interface Attorney,473.69
4735840377615,Business-focused next generation strategy Cold,467.92
4771348305837,Sharable optimizing hub Minute,701.87
4648573310052,Universal secondary throughput Listen,681.27
0854649774182,Ameliorated next generation benchmark Civil,298.2
5393705877518,Upgradable national challenge Decade,328.24
4794044545963,Customizable disintermediate complexity Able,354.49
0990633276562,Grass-roots methodical intranet Whom,411.67
6325460099460,User-centric dedicated encryption Lay,892.44
0483091521020,Future-proofed empowering core Town,186.13
6478737368810,Quality-focused optimal time-frame Capital,952.75
9702986256219,Fundamental coherent system engine Fear,9.56
3986085755779,Fully-configurable incremental data-warehouse Thing,563.96
9023478696683,Focused bi-directional array Ago,898.97
5966815603349,Decentralized directional alliance Card,447.99
8496231142554,User-centric static productivity Environment,53.82
0542906863250,Reverse-engineered asynchronous hub Event,207.35
6316889441217,Mandatory 6thgeneration access Choose,708.89
5990974455653,Universal motivating pricing structure Any,427.51
6308006697950,Virtual transitional software Long,228.02
5990856478388,Cloned maximized extranet Consumer,899.76
9562038317745,Future-proofed 24hour time-frame Himself,529.56
1026886212782,Expanded 6thgeneration knowledge user Two,143.86
5075390347569,Automated demand-driven monitoring Take,494.19
5946278240764,Universal holistic database Know,998.48
2386710262262,Customer-focused bifurcated migration Budget,31.61
8055210123701,Expanded intermediate Graphical User Interface Education,296.02
7259346834993,Object-based scalable time-frame Cut,62.16
9645013479044,Devolved content-based task-force Let,29.4
9184909641642,Intuitive mobile process improvement Form,440.19
5560823796183,Self-enabling responsive productivity Fire,725.68
2635332284934,Sharable logistical approach Art,260.34
3554047038484,Triple-buffered discrete hierarchy Ten,132.74
9962878465631,Horizontal mobile capacity Not,481.6
5579297002632,Networked intangible capability Avoid,602.04
9988558619314,Up-sized didactic time-frame Republican,296.77
9489316409834,Centralized disintermediate open architecture Pick,589.49
2455353718279,Quality-focused composite support What,286.31
3342145245805,Robust systematic infrastructure Cost,169.89
5897488866572,Innovative value-added synergy Trade,846.82
1726536028554,Extended dedicated matrix Value,598.19
6975313099677,Re-contextualized well-modulated attitude Set,962.96
0482243985905,Secured context-sensitive productivity Read,347.43
8562249961964,Centralized reciprocal methodology Improve,949.74
8208324816416,Monitored mobile definition Market,401.79
8304842972048,Cross-platform impactful flexibility Cut,717.12
8278769172998,User-centric bottom-line core Station,966.29
6998378379913,Focused fault-tolerant orchestration Natural,51.95
7204768567169,Multi-lateral national parallelism Break,847.79
7298872499851,Expanded bifurcated algorithm Economy,479.44
4838366073098,Pre-emptive composite orchestration Out,312.24
3612007725795,Visionary didactic help-desk Protect,990.68
3490788758780,Synergistic systematic installation Sit,10.71
3185782126172,Future-proofed composite installation Forget,483.35
0652846958487,Up-sized executive strategy Science,699.3
7614540938738,Balanced homogeneous firmware That,421.17
5758464773782,Ameliorated value-added customer loyalty Sit,888.63
8744207846975,Total bottom-line architecture Main,667.91
0187224030069,Diverse bifurcated algorithm Player,482.56
6370996701944,Synergistic needs-based project Want,978.3
7073629366264,Focused homogeneous framework Item,307.67
1334601748947,Re-contextualized even-keeled forecast Across,654.41
6224567134649,Cross-group mission-critical orchestration Sound,379.11
8812246816747,Persistent zero tolerance approach Large,831.41
8496392865167,Face-to-face multimedia capability Can,696.41
7981929229779,Diverse modular matrices Break,366.91
1976568660710,Object-based modular software Eight,374.37
9379735081036,Decentralized clear-thinking analyzer Often,238.3
6155916496936,Multi-layered maximized knowledgebase Person,139.06
7597114086594,Pre-emptive mission-critical middleware Mouth,202.22
5766426565496,De-engineered bottom-line task-force Personal,691.14
6821042016410,Balanced grid-enabled core Huge,497.59
5313320100285,Profit-focused systemic monitoring Along,761.33
7965798348034,Monitored homogeneous knowledgebase Near,352.26
7875084467125,Reduced neutral archive Indicate,509.98
6502079293631,Versatile holistic productivity Design,657.82
1515111881852,Persistent web-enabled flexibility Protect,563.01
8986828265445,Compatible high-level alliance Training,149.8
5399668619762,Optional regional complexity There,679.33
7962981326566,Vision-oriented analyzing strategy Among,987.06
4677608281108,Ameliorated dynamic moderator System,254.8
2869047258861,Stand-alone leadingedge ability Staff,230.83
6606649222037,Configurable holistic customer loyalty Themselves,646.5
7609101657161,Progressive optimal middleware Evening,184.6
0254652208201,Virtual methodical moratorium Per,72.06
1522085187591,Synchronized bi-directional initiative Moment,643.73
3433080456143,Operative neutral matrix Take,587.82
9966164395670,Reduced real-time project Kitchen,751.09
6492443317870,Decentralized didactic Local Area Network Deep,448.05
4919054263973,Decentralized human-resource superstructure Enter,493.4
3164370008578,Persistent didactic core Drive,606.97
3784985618003,Face-to-face modular infrastructure Person,639.5
4658175048195,Visionary uniform artificial intelligence Course,348.65
8723836996157,Down-sized 6thgeneration policy Go,582.62
4714968341726,Profit-focused grid-enabled Graphical User Interface Thing,308.02
6846852445028,Visionary tangible software Watch,106.69
6966951907883,Innovative clear-thinking forecast Especially,698.71
8038211776414,Horizontal uniform analyzer Which,705.91
7903856423076,Seamless needs-based capacity Woman,370.76
0783604750625,Function-based intangible frame Any,854.86
0566079788932,Expanded actuating Local Area Network Sister,981.63
5812662735806,Diverse leadingedge success Mother,832.77
2379092012829,Fundamental global capacity Institution,561.35
1304636271691,Optimized value-added standardization Just,153.79
1814220990314,Monitored national extranet Most,655.58
3310178830311,Fundamental systematic matrices West,198.07
4040565572593,Synergized object-oriented neural-net Easy,840.95
2503574703568,Mandatory 4thgeneration data-warehouse Class,823.36
0180022456891,Extended attitude-oriented knowledgebase On,599.81
9340773895811,Secured upward-trending strategy Word,592.58
8002809597347,Vision-oriented grid-enabled Internet solution Seem,694.53
9482250012874,Inverse impactful paradigm Want,323.69
8283588154097,Optimized discrete infrastructure Serve,896.99
1966343471032,Streamlined bandwidth-monitored budgetary management Simple,225.41
1233400360796,Total didactic moratorium Room,181.64
5615247994800,Multi-channeled grid-enabled portal Sister,410.92
7327541360188,Universal 24/7 interface Perhaps,635.78
5203082649968,Quality-focused disintermediate methodology Painting,516.55
3180147097278,Exclusive web-enabled architecture Easy,878.94
1552015431098,Operative multi-tasking analyzer Line,853.96
2147277068496,Fundamental needs-based implementation Education,529.95
2546383299425,Compatible national project Simple,487.35
0961974975871,Seamless composite capability North,390.22
4552595628241,Face-to-face dynamic throughput American,614.54
7604634471822,Universal intangible database Age,282.96
9440209606152,Future-proofed leadingedge customer loyalty Mission,459.1
6979674848665,Persevering tangible adapter Movie,579.14
1352213015281,Quality-focused high-level hardware Service,665.12
7414282446274,Reverse-engineered multi-state analyzer Only,66.51
4322402252052,Up-sized uniform solution Exist,825.31
6169325898675,Re-engineered scalable moratorium We,612.54
3703473365415,Cross-group zero tolerance encoding Bar,627.04
5180086321578,Multi-channeled incremental functionalities Student,777.84
2750141110287,Customer-focused methodical intranet Hotel,988.96
8786893526475,Up-sized explicit software Hard,471.74
2604585620339,User-centric multimedia workforce Firm,659.82
8833281560772,Assimilated 5thgeneration matrices Painting,942.43
0884403307404,Open-source eco-centric application Herself,775.18
8828173352011,Synergistic incremental secured line Method,71.26
5839348584510,Enterprise-wide contextually-based protocol Number,862.34
0560933069798,Business-focused local monitoring Sport,798.37
9625933420000,Operative global initiative Source,903.46
4377977644572,Focused executive challenge Final,390.55
3353498995761,Synchronized intermediate analyzer Real,526.02
9092812880587,Enterprise-wide background array Word,513.86
7916855392162,Expanded regional database Partner,453.15
6260818959631,Sharable web-enabled core I,743.0
3460125811481,Managed radical adapter Choose,885.73
7765510577135,Operative transitional interface Near,917.67
6237805497542,Integrated mobile core Message,856.83
1787041971156,Grass-roots methodical emulation Suffer,559.54
2140321180772,Robust responsive encryption Boy,160.84
5438765015973,Virtual asymmetric alliance World,728.97
6410576182568,Intuitive zero tolerance complexity Rich,188.84
8841043158511,Fully-configurable holistic core North,952.51
4309120596211,Digitized empowering policy Form,193.81
5230373147896,Customer-focused intangible help-desk Arrive,336.16
2350054912246,Versatile clear-thinking throughput Stuff,100.43
1985403878967,Synergistic full-range circuit Data,906.24
3664127789240,Seamless background flexibility Right,391.03
8987180970930,Advanced high-level attitude We,193.39
9637894771261,Ergonomic hybrid hub Wish,708.76
1538316284590,Triple-buffered asynchronous strategy Animal,803.83
7527050340470,Inverse background alliance Candidate,120.22
1043419432436,Upgradable responsive paradigm Girl,510.45
1859253954549,User-friendly empowering software Appear,243.53
8433993327112,Configurable value-added secured line Piece,909.49
1530352922321,Fundamental disintermediate circuit On,922.28
8579207410973,Streamlined motivating pricing structure Stay,933.24
3617315389870,Re-engineered secondary forecast Around,371.4
5242226688662,Right-sized holistic throughput Education,815.46
5306441306987,Team-oriented homogeneous functionalities Manage,221.89
6197996089423,Grass-roots needs-based initiative Author,257.83
9355102830595,Open-source maximized synergy Leg,50.08
6416364044907,Balanced leadingedge application Wide,576.29
7838358187008,Virtual needs-based hierarchy Couple,236.01
3854061050174,Distributed national structure Million,920.43
4893841329928,Business-focused discrete product Budget,448.08
2373883895222,Organic scalable structure Cell,739.98
4641742513528,Enterprise-wide actuating service-desk Concern,253.39
3336081146787,Innovative impactful throughput Film,97.0
4045413649933,Innovative mobile portal Nice,681.4
1662032169565,Configurable national hub Enter,810.55
6977233883451,Monitored secondary middleware News,306.06
3909067284124,Monitored non-volatile superstructure Sort,320.53
2770870815520,Multi-tiered client-server framework Drive,498.67
4845972932490,Configurable content-based capacity Tonight,721.61
2806683909433,Reverse-engineered systematic projection Situation,996.53
3621525248887,Automated radical extranet Move,653.68
1344082873571,Enterprise-wide transitional capacity Treat,275.35
7442186813793,Multi-layered disintermediate infrastructure End,966.68
3385645836807,Vision-oriented cohesive Graphic Interface Throw,147.39
7491544769150,Realigned incremental adapter Sea,158.63
6905988796262,Integrated analyzing help-desk Policy,49.74
1554817255116,Ameliorated object-oriented challenge Political,577.24
7199059791475,Open-source actuating infrastructure Method,282.43
4149917862065,Re-contextualized 3rdgeneration success Director,842.13
9282999241439,Function-based needs-based solution I,261.53
9347102655686,Open-architected radical array Billion,651.08
0243957896293,Seamless needs-based functionalities Including,415.77
2531134772891,Compatible executive analyzer Important,692.13
3638329222679,Horizontal demand-driven open architecture Thousand,902.37
4810826717691,Streamlined needs-based definition Very,23.44
8473469358597,Horizontal radical paradigm Easy,604.02
6482332654515,Pre-emptive mobile toolset Win,934.72
2270494668628,Automated 6thgeneration groupware Task,142.12
6135007748906,Vision-oriented bifurcated complexity Ever,753.99
4830992475265,Down-sized real-time policy Just,798.34
0008500809024,Horizontal client-server standardization Professional,460.96
7342024318406,Inverse grid-enabled open system Say,402.14
7575913864558,Object-based solution-oriented moderator Very,711.41
2457220415497,Monitored zero tolerance middleware Movie,998.17
5325815089118,Decentralized solution-oriented support Of,873.49
1470236448160,Synergistic upward-trending moderator Rock,741.19
4153757891823,Polarized demand-driven contingency Color,575.23
5522000206203,Assimilated content-based focus group Decide,120.45
1843780721561,Diverse full-range matrix Toward,837.88
3649372918080,Up-sized high-level knowledge user Feeling,71.54
7110156730508,Distributed global orchestration Yourself,229.42
5486996027934,Vision-oriented encompassing synergy But,392.53
4207392805810,Horizontal impactful standardization Finish,179.59
2850031539069,Monitored cohesive portal Worry,923.03
6153564837584,Managed composite Graphic Interface Front,78.26
4440636922143,Profit-focused context-sensitive function He,214.57
8915039060951,Secured didactic migration Step,661.18
1515025186952,Versatile impactful system engine Though,593.24
3836685973925,Synergistic local definition Show,97.14
4241919399503,Persistent multimedia throughput Interesting,280.78
6392676273506,Programmable fresh-thinking frame Else,806.26
2446301120045,Expanded object-oriented conglomeration His,655.8
0374862296503,Programmable systematic customer loyalty Population,954.16
1023859995260,Decentralized object-oriented leverage Term,683.71
1979444374751,Ergonomic bi-directional focus group Suddenly,290.79
0598722794425,Mandatory eco-centric Graphical User Interface Dream,75.68
0157344338931,Triple-buffered fault-tolerant conglomeration Contain,984.54
8449097080675,Reduced composite adapter Article,376.85
0467937852096,Customer-focused actuating Graphical User Interface Heavy,392.06
4274663604567,Total motivating task-force Energy,434.64
4538162255656,Optional actuating productivity Mr,322.32
4832811497527,Reactive methodical help-desk Maybe,466.47
2135946441277,Up-sized methodical matrix Debate,123.13
1167592848781,Expanded stable architecture Enjoy,235.47
8353861046397,Persistent dynamic productivity Voice,250.09
9238977215398,Proactive cohesive process improvement Trade,274.62
0936092470793,Proactive logistical middleware Experience,284.74
7934156440778,Upgradable optimal software Family,199.07
3360978989747,Digitized web-enabled adapter Alone,458.45
3603681273155,Grass-roots systematic challenge Operation,73.48
4266856031516,Decentralized intangible methodology Any,748.96
8147762512925,Optional zero tolerance capacity Industry,250.15
7167290509048,User-centric zero administration approach Executive,486.14
2407486875135,Versatile real-time intranet Late,80.83
3364997393394,Secured bandwidth-monitored website Science,85.94
6514703303904,Reactive impactful synergy Although,570.34
9335979558430,Up-sized clear-thinking middleware Game,411.35
9952859161978,Self-enabling 5thgeneration time-frame Fine,375.79
8795572661865,Digitized attitude-oriented protocol Pay,935.04
8042444832553,User-centric user-facing implementation Raise,681.62
7236721902604,Reduced foreground parallelism Gas,716.08
8973442542127,Streamlined systemic superstructure Defense,591.71
9285354934165,Seamless bi-directional benchmark Avoid,111.71
7175781793186,Open-source static throughput Bill,415.66
6655708441718,Organized stable knowledgebase Skill,239.68
2730662027508,Fully-configurable multi-tasking forecast Above,866.84
5139174444906,Polarized regional protocol Weight,27.25
9177289545026,Switchable exuding middleware Charge,907.02
9295775568374,Optimized incremental complexity Move,876.55
6152908561213,Right-sized zero administration project Perhaps,871.08
7074548126303,Compatible eco-centric methodology Series,852.32
2354832321779,Persistent 24/7 concept Keep,297.89
5960198487585,Focused tangible data-warehouse Plant,134.36
9445530773194,Secured tangible hardware Close,254.36
0534483292817,Cross-group exuding parallelism Coach,995.96
2496937274492,Synergistic tertiary emulation Story,126.03
4030446570007,De-engineered local strategy Phone,733.68
0300128364850,Intuitive optimizing open system Different,587.23
6361127309370,User-centric zero administration synergy Important,27.75
3006785496657,Automated demand-driven attitude Process,871.76
9061326005442,Up-sized user-facing task-force Thousand,555.74
3938940515875,Synchronized multimedia hub Increase,912.08
0872856971462,Team-oriented empowering productivity Fill,409.46
4089431634181,Mandatory maximized infrastructure Name,371.99
0014553417541,Reduced even-keeled budgetary management Cold,19.83
7573846335577,Optional context-sensitive Graphic Interface Air,694.04
8768117693015,Multi-layered eco-centric Graphic Interface Other,706.53
1684289634182,Compatible demand-driven project Whatever,574.09
6407677500389,De-engineered optimal adapter Add,775.73
7147516769191,Persevering next generation flexibility Least,281.73
3389100280591,Configurable radical benchmark Design,74.35
6915582153702,Upgradable homogeneous parallelism Ball,808.9
9995540969813,Front-line full-range conglomeration Address,768.11
7157208154451,Organized bifurcated synergy Grow,319.78
7877055214383,Optimized cohesive success Style,558.93
7717871424880,Right-sized optimal budgetary management Best,469.09
2141507440926,De-engineered global adapter Watch,272.63
6765140617099,Configurable foreground adapter Say,390.76
2874408671203,Centralized transitional extranet Space,755.34
5430117763434,Public-key multi-state hierarchy Book,580.58
9783103122917,Expanded 4thgeneration product Generation,11.0
3804077250114,Optimized methodical open system Not,791.53
6983519469958,Enterprise-wide disintermediate Internet solution Eye,887.26
5777424264806,Persistent fault-tolerant budgetary management Decade,203.02
7243581213540,Automated client-driven adapter Describe,561.73
7561300621459,Streamlined 24/7 structure Of,958.3
8470190821166,Ergonomic analyzing challenge Edge,190.81
8131485737116,Pre-emptive tertiary Internet solution Relationship,398.3
1104569256486,Configurable bottom-line encryption Box,723.22
9371294975237,Team-oriented high-level parallelism Foreign,766.22
2981513856319,Right-sized actuating moratorium Agree,281.72
8598916942952,Self-enabling upward-trending alliance Hospital,149.76
2834672398200,Digitized uniform orchestration World,376.46
3417228993645,Digitized motivating data-warehouse Less,582.73
0083611421465,Enterprise-wide radical extranet Film,178.47
4283520914592,Synergized multimedia encoding Nice,419.97
7102661913499,Customizable stable collaboration Low,266.39
8547702587991,Configurable multimedia leverage Provide,100.54
2158100187632,Persevering 5thgeneration pricing structure Explain,93.18
7235602953342,Stand-alone secondary approach Security,125.14
7630180479794,Optional 5thgeneration moratorium Want,58.07
6546206367813,Optimized reciprocal focus group Wait,611.79
0069210670048,Robust methodical portal Language,604.26
9559505004022,Mandatory clear-thinking data-warehouse Close,573.71
0248228649366,Re-contextualized local solution Knowledge,89.92
8280117105245,Virtual cohesive focus group Ability,989.04
1687946091739,Persevering explicit application As,827.18
9747961047496,Down-sized maximized website Mr,162.88
1019332052789,Realigned client-server toolset Back,660.0
4295909814113,Open-architected tangible projection Fill,924.61
9463792037806,Polarized systemic collaboration Then,201.48
9622609786571,Implemented logistical synergy Conference,880.65
1598685121012,Virtual asynchronous hierarchy International,580.53
0879238748729,Face-to-face zero-defect Graphical User Interface Store,358.51
7502994300584,Public-key dynamic instruction set Throw,159.99
3188696507541,Adaptive non-volatile interface Need,630.16
7577432840821,Fundamental background paradigm Talk,773.83
6603770521526,Sharable needs-based task-force Upon,321.71
2308840242997,Compatible regional function Husband,413.27
1224760162671,Customer-focused executive collaboration Know,540.34
6915321827393,Down-sized reciprocal forecast Factor,433.77
0426919545431,Multi-channeled holistic architecture Feel,72.09
9175447972889,Fully-configurable fault-tolerant data-warehouse Six,90.56
7840162191036,Networked systematic matrix Fight,239.78
0987776259526,Open-architected client-driven artificial intelligence Box,987.42
3945083661810,Exclusive encompassing Local Area Network Way,734.39
6597502842706,Managed scalable paradigm Traditional,818.15
4051378716440,Automated bi-directional implementation Affect,643.52
0132993223086,Virtual background open architecture Window,673.73
1672274239799,Virtual client-server ability According,44.6
8244854991978,Devolved client-server core Machine,566.44
7481673368565,Reactive incremental process improvement Establish,77.74
